<?xml version="1.0" encoding="UTF-8"?>
<project-private xmlns="http://www.netbeans.org/ns/project-private/1">
    <editor-bookmarks xmlns="http://www.netbeans.org/ns/editor-bookmarks/2" lastBookmarkId="0"/>
    <open-files xmlns="http://www.netbeans.org/ns/projectui-open-files/2">
        <group>
            <file>file:/E:/Proyectos/Java/PRII_U207_VentanasMDI/src/prii_u207_ventanasmdi/VentanaPadre.java</file>
            <file>file:/E:/Proyectos/Java/PRII_U207_VentanasMDI/src/prii_u207_ventanasmdi/Programa.java</file>
            <file>file:/E:/Proyectos/Java/PRII_U207_VentanasMDI/src/prii_u207_ventanasmdi/PanelHijo.java</file>
        </group>
    </open-files>
</project-private>
